id,first_name,last_name,email,gender,ip_address
1,Ringo,Royden,rroyden0@amazon.com,Female,45.253.177.139
2,Ludvig,Tadgell,ltadgell1@aol.com,Male,107.149.193.103
3,Bearnard,Canelas,bcanelas2@google.com,Female,231.150.230.135
4,Elroy,Grigolli,egrigolli3@dot.gov,Male,41.201.134.4
5,Faith,Bragg,fbragg4@a8.net,Female,208.202.224.181
6,Waylin,Coots,wcoots5@flavors.me,Male,203.236.14.49
7,Carolyne,Westman,cwestman6@purevolume.com,Male,92.11.111.174
8,Cornelia,Mabley,cmabley7@feedburner.com,Male,95.246.83.124
9,Rozalin,Spenley,rspenley8@usa.gov,Female,15.129.228.86
10,Starlene,Evequot,sevequot9@geocities.com,Female,242.212.250.79
11,Gaelan,Elsmore,gelsmorea@vkontakte.ru,Male,92.229.87.46
12,Doria,Francis,dfrancisb@gmpg.org,Male,251.185.117.3
13,Doralia,Wiffler,dwifflerc@wired.com,Male,118.8.130.52
14,Davy,Gretton,dgrettond@tripod.com,Male,184.108.89.154
15,Nero,Menendez,nmenendeze@fema.gov,Female,237.234.221.78
16,Florenza,Hark,fharkf@stumbleupon.com,Male,141.45.162.75
17,Claudie,Poulsom,cpoulsomg@mashable.com,Female,243.192.99.217
18,Markus,Eingerfield,meingerfieldh@amazon.co.jp,Male,113.27.91.138
19,Decca,Jakel,djakeli@hp.com,Bigender,64.17.16.163
20,Towney,Libri,tlibrij@yahoo.co.jp,Female,17.26.135.210
21,Odo,Drissell,odrissellk@prweb.com,Male,27.234.42.90
22,Leena,Cavanaugh,lcavanaughl@nbcnews.com,Male,147.236.175.22
23,Dorita,Northing,dnorthingm@squarespace.com,Male,92.20.215.184
24,Holly-anne,Drohun,hdrohunn@hc360.com,Female,110.96.99.140
25,Jerald,Pile,jpileo@washingtonpost.com,Male,154.104.166.4
26,Katrinka,Christoforou,kchristoforoup@pagesperso-orange.fr,Female,178.164.29.239
27,Felicity,Borless,fborlessq@deviantart.com,Female,99.51.55.179
28,Moise,de Najera,mdenajerar@intel.com,Male,190.102.40.93
29,Minnaminnie,Carnew,mcarnews@google.cn,Male,72.181.102.93
30,Eda,Lampens,elampenst@typepad.com,Female,55.35.36.216
31,Wood,Stancer,wstanceru@cnn.com,Female,100.185.189.206
32,Madelyn,Haseman,mhasemanv@howstuffworks.com,Male,187.44.11.243
33,Diana,Snoden,dsnodenw@free.fr,Female,215.223.177.53
34,Ema,Slowey,esloweyx@ning.com,Male,63.6.252.227
35,Jeanne,Ciobutaru,jciobutaruy@oaic.gov.au,Female,79.238.235.10
36,Barnebas,Geall,bgeallz@pen.io,Female,32.229.242.107
37,Lora,Tew,ltew10@behance.net,Female,59.20.244.197
38,Marget,Phibb,mphibb11@163.com,Male,139.112.54.119
39,Drusie,MacGiolla,dmacgiolla12@blogtalkradio.com,Female,122.228.126.62
40,Cornell,Starmer,cstarmer13@webnode.com,Male,135.225.122.249
41,Willette,Muddicliffe,wmuddicliffe14@flavors.me,Female,118.153.124.84
42,Cordy,Penvarden,cpenvarden15@disqus.com,Female,56.149.30.46
43,Corbie,Jannings,cjannings16@buzzfeed.com,Female,115.115.162.162
44,Thorn,Alcoran,talcoran17@addthis.com,Female,138.166.66.107
45,Michel,Bernholt,mbernholt18@google.pl,Male,10.185.190.71
46,Yalonda,Polino,ypolino19@mit.edu,Agender,98.128.54.3
47,Ryon,Dun,rdun1a@tmall.com,Genderqueer,22.140.69.86
48,Car,Frosdick,cfrosdick1b@ebay.co.uk,Female,146.243.12.10
49,Gunter,Glisane,gglisane1c@examiner.com,Male,203.49.111.127
50,Sinclair,Burree,sburree1d@theglobeandmail.com,Male,35.33.9.126
51,Booth,Gasker,bgasker1e@tinyurl.com,Polygender,74.164.253.97
52,Therine,O'Kieran,tokieran1f@sohu.com,Male,141.222.60.70
53,Shirley,Hutchinson,shutchinson1g@lycos.com,Male,107.233.107.183
54,Jennica,Langhor,jlanghor1h@people.com.cn,Female,30.168.209.174
55,Tammy,Seabrocke,tseabrocke1i@exblog.jp,Male,241.45.110.29
56,Gigi,Soldner,gsoldner1j@sohu.com,Male,102.138.155.36
57,Lolly,Boosey,lboosey1k@i2i.jp,Female,36.90.247.37
58,Karlene,Turmell,kturmell1l@ovh.net,Female,51.113.141.164
59,Raimundo,Murname,rmurname1m@cargocollective.com,Male,168.185.11.117
60,Kermy,De L'Isle,kdelisle1n@cargocollective.com,Female,130.171.254.195
61,Gale,Meader,gmeader1o@utexas.edu,Female,87.23.59.191
62,Brant,Stopper,bstopper1p@discuz.net,Male,110.215.176.216
63,Dara,Wroth,dwroth1q@state.gov,Female,136.102.184.171
64,Connie,Citrine,ccitrine1r@google.nl,Male,166.105.118.214
65,Bambi,Whysall,bwhysall1s@wordpress.org,Male,150.108.94.180
66,Christabel,MacGuffog,cmacguffog1t@biglobe.ne.jp,Female,212.247.1.139
67,Finlay,Hadlow,fhadlow1u@plala.or.jp,Male,204.189.120.24
68,Earle,Wisdom,ewisdom1v@about.com,Female,141.105.18.89
69,Bruis,Armitt,barmitt1w@howstuffworks.com,Bigender,190.178.31.128
70,Hyacinthe,Vondruska,hvondruska1x@163.com,Female,165.199.233.51
71,Ephrem,O'Boyle,eoboyle1y@engadget.com,Female,243.97.132.35
72,Pavlov,Flowitt,pflowitt1z@clickbank.net,Male,16.104.220.23
73,Aidan,Guise,aguise20@paginegialle.it,Male,149.196.152.162
74,Kissiah,Rendall,krendall21@time.com,Female,218.69.211.5
75,Leah,Marginson,lmarginson22@surveymonkey.com,Male,39.62.125.103
76,Malachi,Itzik,mitzik23@un.org,Female,146.223.149.3
77,Luca,Mowle,lmowle24@ebay.com,Male,107.4.186.226
78,Dayle,O'Geaney,dogeaney25@ebay.co.uk,Male,179.104.192.135
79,Nicola,Stuchbery,nstuchbery26@redcross.org,Female,231.192.58.110
80,Malanie,Spore,mspore27@java.com,Male,191.49.119.176
81,Seumas,Caret,scaret28@nytimes.com,Male,144.106.73.1
82,Lancelot,Pietruschka,lpietruschka29@who.int,Male,152.213.252.153
83,Pace,Mackney,pmackney2a@dedecms.com,Male,61.252.249.163
84,Marylou,Vasilevich,mvasilevich2b@sphinn.com,Female,44.229.115.63
85,Rosemaria,Lebell,rlebell2c@de.vu,Male,199.247.143.13
86,Geno,Payfoot,gpayfoot2d@elpais.com,Male,52.76.107.34
87,Babbette,Firminger,bfirminger2e@youtube.com,Male,181.88.64.253
88,Chelsie,Moss,cmoss2f@alibaba.com,Female,77.54.120.189
89,Hallsy,Shafto,hshafto2g@histats.com,Bigender,34.159.239.61
90,Nert,Kalaher,nkalaher2h@imgur.com,Female,200.203.132.249
91,Dilly,Jansen,djansen2i@woothemes.com,Male,43.80.239.153
92,Averil,Sporrij,asporrij2j@msn.com,Female,182.237.139.52
93,Carlene,Thompstone,cthompstone2k@netlog.com,Male,244.117.52.71
94,Denny,O'Dogherty,dodogherty2l@geocities.com,Female,83.180.187.35
95,Cesare,Wiffield,cwiffield2m@wikimedia.org,Female,234.42.185.155
96,Brockie,Mathwen,bmathwen2n@dagondesign.com,Female,233.11.241.245
97,Ode,Gregorowicz,ogregorowicz2o@sciencedaily.com,Male,15.112.156.175
98,Wilt,Lillie,wlillie2p@mac.com,Male,178.84.173.149
99,Brantley,Blackstock,bblackstock2q@slashdot.org,Female,217.135.133.74
100,Earle,Spaldin,espaldin2r@hexun.com,Male,120.137.246.66
